id;code_personne;nom_personne;prenom_personne;grade_personne;fonction_personne;telphone_personne;email_personne;adresse_personne;date_de_naiss_personne
1;withdrawal Mille;sky Pastourelle;Monitored a e-services;INFIRMIER;Zadkine open-source navigate;Account Rubber Multi-lateral;MASCULIN;Bolivie;2022-05-16T16:10:27
2;Directeur Sports;Champagne-Ardenne Jewelery;web cross-platform Proactive;SPECIALISTE;c Graphic;b;MASCULIN;Front-line parse;2022-05-16T18:25:07
3;internet;Optional real-time;Incredible Fresh withdrawal;INFIRMIER;transitional;strategy;MASCULIN;impactful Fresh;2022-05-16T12:49:51
4;Health Rubber Mongolie;hacking;synergy Ingenieur;SPECIALISTE;Plastic Caribbean;c benchmark relationships;AUTRES;Île-de-France parallelism;2022-05-17T08:27:29
5;Nigeria;Nord-Pas-de-Calais pink protocol;generating a;GENERALISTE;improvement Soft;e-business models;FEMININ;Synchronised;2022-05-17T04:17:42
6;transform Sudanese;la;Bonaparte bluetooth;GENERALISTE;a;Refined;MASCULIN;application invoice throughput;2022-05-17T00:20:00
7;HDD;Developpeur open-source Singapore;Agent;GENERALISTE;Picardie indexing;neural metrics;AUTRES;Île-de-France cultivate Handmade;2022-05-16T12:23:15
8;Sleek violet Comores;methodologies Unbranded protocol;Health;GENERALISTE;XML Salad;Berkshire c Tools;AUTRES;transmit;2022-05-16T14:34:42
9;synthesize;killer Gloves Triple-buffered;process;GENERALISTE;Integrated Ball;Borders Music override;MASCULIN;navigate multi-byte;2022-05-16T20:50:36
10;Palladium auxiliary Bedfordshire;HTTP Mouse Refined;Champagne-Ardenne Provence-Alpes-Côte;SPECIALISTE;Buckinghamshire indexing hacking;Unit;FEMININ;array quantifying;2022-05-16T14:41:44
